-- Seed: base floors, zones, desks and desk features
-- UUIDs are hard-coded so the migration is idempotent and the down script can
-- reference them directly.

-- ============================================================
-- FLOORS
-- ============================================================

INSERT INTO floors (id, name, timezone, floor_plan_url) VALUES
    ('00000000-0000-0000-0000-000000000101', 'Floor 1', 'Europe/Moscow', NULL),
    ('00000000-0000-0000-0000-000000000102', 'Floor 2', 'Europe/Moscow', NULL);

-- ============================================================
-- ZONES  (floor 1)
-- ============================================================

INSERT INTO zones (id, floor_id, name, type) VALUES
    ('00000000-0000-0000-0001-000000000001', '00000000-0000-0000-0000-000000000101', 'Open Space A', 'open_space'),
    ('00000000-0000-0000-0001-000000000002', '00000000-0000-0000-0000-000000000101', 'Conference Room Alpha', 'meeting_room'),
    ('00000000-0000-0000-0001-000000000003', '00000000-0000-0000-0000-000000000101', 'Phone Booth Row', 'phone_booth'),
    ('00000000-0000-0000-0001-000000000004', '00000000-0000-0000-0000-000000000101', 'Quiet Zone East', 'quiet_zone');

-- ZONES  (floor 2)

INSERT INTO zones (id, floor_id, name, type) VALUES
    ('00000000-0000-0000-0002-000000000001', '00000000-0000-0000-0000-000000000102', 'Open Space B', 'open_space'),
    ('00000000-0000-0000-0002-000000000002', '00000000-0000-0000-0000-000000000102', 'Conference Room Beta', 'meeting_room'),
    ('00000000-0000-0000-0002-000000000003', '00000000-0000-0000-0000-000000000102', 'Quiet Zone West', 'quiet_zone');

-- ============================================================
-- DESKS — Floor 1 / Open Space A
-- ============================================================

INSERT INTO desks (id, floor_id, zone_id, label, state, position_x, position_y) VALUES
    ('00000000-0001-0000-0000-000000000001', '00000000-0000-0000-0000-000000000101', '00000000-0000-0000-0001-000000000001', 'A1', 'active', 10.0, 20.0),
    ('00000000-0001-0000-0000-000000000002', '00000000-0000-0000-0000-000000000101', '00000000-0000-0000-0001-000000000001', 'A2', 'active', 20.0, 20.0),
    ('00000000-0001-0000-0000-000000000003', '00000000-0000-0000-0000-000000000101', '00000000-0000-0000-0001-000000000001', 'A3', 'active', 30.0, 20.0),
    ('00000000-0001-0000-0000-000000000004', '00000000-0000-0000-0000-000000000101', '00000000-0000-0000-0001-000000000001', 'A4', 'active', 40.0, 20.0),
    ('00000000-0001-0000-0000-000000000005', '00000000-0000-0000-0000-000000000101', '00000000-0000-0000-0001-000000000001', 'A5', 'active', 10.0, 35.0),
    ('00000000-0001-0000-0000-000000000006', '00000000-0000-0000-0000-000000000101', '00000000-0000-0000-0001-000000000001', 'A6', 'active', 20.0, 35.0),
    ('00000000-0001-0000-0000-000000000007', '00000000-0000-0000-0000-000000000101', '00000000-0000-0000-0001-000000000001', 'A7', 'active', 30.0, 35.0),
    ('00000000-0001-0000-0000-000000000008', '00000000-0000-0000-0000-000000000101', '00000000-0000-0000-0001-000000000001', 'A8', 'disabled', 40.0, 35.0);

-- DESKS — Floor 1 / Conference Room Alpha

INSERT INTO desks (id, floor_id, zone_id, label, state, position_x, position_y) VALUES
    ('00000000-0001-0000-0000-000000000011', '00000000-0000-0000-0000-000000000101', '00000000-0000-0000-0001-000000000002', 'CR-A1', 'active', 55.0, 20.0),
    ('00000000-0001-0000-0000-000000000012', '00000000-0000-0000-0000-000000000101', '00000000-0000-0000-0001-000000000002', 'CR-A2', 'active', 65.0, 20.0),
    ('00000000-0001-0000-0000-000000000013', '00000000-0000-0000-0000-000000000101', '00000000-0000-0000-0001-000000000002', 'CR-A3', 'active', 75.0, 20.0),
    ('00000000-0001-0000-0000-000000000014', '00000000-0000-0000-0000-000000000101', '00000000-0000-0000-0001-000000000002', 'CR-A4', 'active', 55.0, 30.0),
    ('00000000-0001-0000-0000-000000000015', '00000000-0000-0000-0000-000000000101', '00000000-0000-0000-0001-000000000002', 'CR-A5', 'active', 65.0, 30.0),
    ('00000000-0001-0000-0000-000000000016', '00000000-0000-0000-0000-000000000101', '00000000-0000-0000-0001-000000000002', 'CR-A6', 'active', 75.0, 30.0);

-- DESKS — Floor 1 / Phone Booth Row

INSERT INTO desks (id, floor_id, zone_id, label, state, position_x, position_y) VALUES
    ('00000000-0001-0000-0000-000000000021', '00000000-0000-0000-0000-000000000101', '00000000-0000-0000-0001-000000000003', 'PB-1', 'active', 10.0, 70.0),
    ('00000000-0001-0000-0000-000000000022', '00000000-0000-0000-0000-000000000101', '00000000-0000-0000-0001-000000000003', 'PB-2', 'active', 20.0, 70.0),
    ('00000000-0001-0000-0000-000000000023', '00000000-0000-0000-0000-000000000101', '00000000-0000-0000-0001-000000000003', 'PB-3', 'active', 30.0, 70.0);

-- DESKS — Floor 1 / Quiet Zone East

INSERT INTO desks (id, floor_id, zone_id, label, state, position_x, position_y) VALUES
    ('00000000-0001-0000-0000-000000000031', '00000000-0000-0000-0000-000000000101', '00000000-0000-0000-0001-000000000004', 'QE-1', 'active', 55.0, 60.0),
    ('00000000-0001-0000-0000-000000000032', '00000000-0000-0000-0000-000000000101', '00000000-0000-0000-0001-000000000004', 'QE-2', 'active', 65.0, 60.0),
    ('00000000-0001-0000-0000-000000000033', '00000000-0000-0000-0000-000000000101', '00000000-0000-0000-0001-000000000004', 'QE-3', 'active', 75.0, 60.0),
    ('00000000-0001-0000-0000-000000000034', '00000000-0000-0000-0000-000000000101', '00000000-0000-0000-0001-000000000004', 'QE-4', 'active', 55.0, 72.0),
    ('00000000-0001-0000-0000-000000000035', '00000000-0000-0000-0000-000000000101', '00000000-0000-0000-0001-000000000004', 'QE-5', 'active', 65.0, 72.0);

-- ============================================================
-- DESKS — Floor 2 / Open Space B
-- ============================================================

INSERT INTO desks (id, floor_id, zone_id, label, state, position_x, position_y) VALUES
    ('00000000-0002-0000-0000-000000000001', '00000000-0000-0000-0000-000000000102', '00000000-0000-0000-0002-000000000001', 'B1', 'active', 10.0, 20.0),
    ('00000000-0002-0000-0000-000000000002', '00000000-0000-0000-0000-000000000102', '00000000-0000-0000-0002-000000000001', 'B2', 'active', 20.0, 20.0),
    ('00000000-0002-0000-0000-000000000003', '00000000-0000-0000-0000-000000000102', '00000000-0000-0000-0002-000000000001', 'B3', 'active', 30.0, 20.0),
    ('00000000-0002-0000-0000-000000000004', '00000000-0000-0000-0000-000000000102', '00000000-0000-0000-0002-000000000001', 'B4', 'active', 40.0, 20.0),
    ('00000000-0002-0000-0000-000000000005', '00000000-0000-0000-0000-000000000102', '00000000-0000-0000-0002-000000000001', 'B5', 'active', 10.0, 35.0),
    ('00000000-0002-0000-0000-000000000006', '00000000-0000-0000-0000-000000000102', '00000000-0000-0000-0002-000000000001', 'B6', 'active', 20.0, 35.0),
    ('00000000-0002-0000-0000-000000000007', '00000000-0000-0000-0000-000000000102', '00000000-0000-0000-0002-000000000001', 'B7', 'active', 30.0, 35.0),
    ('00000000-0002-0000-0000-000000000008', '00000000-0000-0000-0000-000000000102', '00000000-0000-0000-0002-000000000001', 'B8', 'active', 40.0, 35.0),
    ('00000000-0002-0000-0000-000000000009', '00000000-0000-0000-0000-000000000102', '00000000-0000-0000-0002-000000000001', 'B9', 'active', 10.0, 50.0),
    ('00000000-0002-0000-0000-000000000010', '00000000-0000-0000-0000-000000000102', '00000000-0000-0000-0002-000000000001', 'B10', 'disabled', 20.0, 50.0);

-- DESKS — Floor 2 / Conference Room Beta

INSERT INTO desks (id, floor_id, zone_id, label, state, position_x, position_y) VALUES
    ('00000000-0002-0000-0000-000000000011', '00000000-0000-0000-0000-000000000102', '00000000-0000-0000-0002-000000000002', 'CR-B1', 'active', 60.0, 20.0),
    ('00000000-0002-0000-0000-000000000012', '00000000-0000-0000-0000-000000000102', '00000000-0000-0000-0002-000000000002', 'CR-B2', 'active', 70.0, 20.0),
    ('00000000-0002-0000-0000-000000000013', '00000000-0000-0000-0000-000000000102', '00000000-0000-0000-0002-000000000002', 'CR-B3', 'active', 80.0, 20.0),
    ('00000000-0002-0000-0000-000000000014', '00000000-0000-0000-0000-000000000102', '00000000-0000-0000-0002-000000000002', 'CR-B4', 'active', 60.0, 30.0),
    ('00000000-0002-0000-0000-000000000015', '00000000-0000-0000-0000-000000000102', '00000000-0000-0000-0002-000000000002', 'CR-B5', 'active', 70.0, 30.0),
    ('00000000-0002-0000-0000-000000000016', '00000000-0000-0000-0000-000000000102', '00000000-0000-0000-0002-000000000002', 'CR-B6', 'active', 80.0, 30.0),
    ('00000000-0002-0000-0000-000000000017', '00000000-0000-0000-0000-000000000102', '00000000-0000-0000-0002-000000000002', 'CR-B7', 'active', 60.0, 40.0),
    ('00000000-0002-0000-0000-000000000018', '00000000-0000-0000-0000-000000000102', '00000000-0000-0000-0002-000000000002', 'CR-B8', 'active', 70.0, 40.0);

-- DESKS — Floor 2 / Quiet Zone West

INSERT INTO desks (id, floor_id, zone_id, label, state, position_x, position_y) VALUES
    ('00000000-0002-0000-0000-000000000021', '00000000-0000-0000-0000-000000000102', '00000000-0000-0000-0002-000000000003', 'QW-1', 'active', 10.0, 70.0),
    ('00000000-0002-0000-0000-000000000022', '00000000-0000-0000-0000-000000000102', '00000000-0000-0000-0002-000000000003', 'QW-2', 'active', 20.0, 70.0),
    ('00000000-0002-0000-0000-000000000023', '00000000-0000-0000-0000-000000000102', '00000000-0000-0000-0002-000000000003', 'QW-3', 'active', 30.0, 70.0),
    ('00000000-0002-0000-0000-000000000024', '00000000-0000-0000-0000-000000000102', '00000000-0000-0000-0002-000000000003', 'QW-4', 'active', 40.0, 70.0);

-- ============================================================
-- DESK FEATURES
-- ============================================================

-- Floor 1 / Open Space A
INSERT INTO desk_features (desk_id, feature) VALUES
    ('00000000-0001-0000-0000-000000000001', 'monitor'),
    ('00000000-0001-0000-0000-000000000001', 'wifi'),
    ('00000000-0001-0000-0000-000000000001', 'ethernet'),
    ('00000000-0001-0000-0000-000000000002', 'monitor'),
    ('00000000-0001-0000-0000-000000000002', 'wifi'),
    ('00000000-0001-0000-0000-000000000003', 'dual_monitor'),
    ('00000000-0001-0000-0000-000000000003', 'ethernet'),
    ('00000000-0001-0000-0000-000000000004', 'standing'),
    ('00000000-0001-0000-0000-000000000004', 'monitor'),
    ('00000000-0001-0000-0000-000000000004', 'wifi'),
    ('00000000-0001-0000-0000-000000000005', 'monitor'),
    ('00000000-0001-0000-0000-000000000005', 'window'),
    ('00000000-0001-0000-0000-000000000006', 'monitor'),
    ('00000000-0001-0000-0000-000000000006', 'window'),
    ('00000000-0001-0000-0000-000000000006', 'ethernet'),
    ('00000000-0001-0000-0000-000000000007', 'dual_monitor'),
    ('00000000-0001-0000-0000-000000000007', 'wifi'),
    ('00000000-0001-0000-0000-000000000007', 'near_kitchen');

-- Floor 1 / Conference Room Alpha
INSERT INTO desk_features (desk_id, feature) VALUES
    ('00000000-0001-0000-0000-000000000011', 'monitor'),
    ('00000000-0001-0000-0000-000000000011', 'wifi'),
    ('00000000-0001-0000-0000-000000000012', 'monitor'),
    ('00000000-0001-0000-0000-000000000012', 'wifi'),
    ('00000000-0001-0000-0000-000000000013', 'monitor'),
    ('00000000-0001-0000-0000-000000000013', 'wifi'),
    ('00000000-0001-0000-0000-000000000014', 'monitor'),
    ('00000000-0001-0000-0000-000000000015', 'monitor'),
    ('00000000-0001-0000-0000-000000000016', 'monitor');

-- Floor 1 / Phone Booth Row
INSERT INTO desk_features (desk_id, feature) VALUES
    ('00000000-0001-0000-0000-000000000021', 'wifi'),
    ('00000000-0001-0000-0000-000000000021', 'quiet'),
    ('00000000-0001-0000-0000-000000000022', 'wifi'),
    ('00000000-0001-0000-0000-000000000022', 'quiet'),
    ('00000000-0001-0000-0000-000000000023', 'wifi'),
    ('00000000-0001-0000-0000-000000000023', 'quiet');

-- Floor 1 / Quiet Zone East
INSERT INTO desk_features (desk_id, feature) VALUES
    ('00000000-0001-0000-0000-000000000031', 'quiet'),
    ('00000000-0001-0000-0000-000000000031', 'monitor'),
    ('00000000-0001-0000-0000-000000000031', 'ethernet'),
    ('00000000-0001-0000-0000-000000000032', 'quiet'),
    ('00000000-0001-0000-0000-000000000032', 'monitor'),
    ('00000000-0001-0000-0000-000000000033', 'quiet'),
    ('00000000-0001-0000-0000-000000000033', 'standing'),
    ('00000000-0001-0000-0000-000000000034', 'quiet'),
    ('00000000-0001-0000-0000-000000000034', 'window'),
    ('00000000-0001-0000-0000-000000000035', 'quiet'),
    ('00000000-0001-0000-0000-000000000035', 'window'),
    ('00000000-0001-0000-0000-000000000035', 'monitor');

-- Floor 2 / Open Space B
INSERT INTO desk_features (desk_id, feature) VALUES
    ('00000000-0002-0000-0000-000000000001', 'monitor'),
    ('00000000-0002-0000-0000-000000000001', 'wifi'),
    ('00000000-0002-0000-0000-000000000002', 'monitor'),
    ('00000000-0002-0000-0000-000000000002', 'ethernet'),
    ('00000000-0002-0000-0000-000000000003', 'dual_monitor'),
    ('00000000-0002-0000-0000-000000000003', 'wifi'),
    ('00000000-0002-0000-0000-000000000004', 'standing'),
    ('00000000-0002-0000-0000-000000000004', 'monitor'),
    ('00000000-0002-0000-0000-000000000005', 'monitor'),
    ('00000000-0002-0000-0000-000000000005', 'near_kitchen'),
    ('00000000-0002-0000-0000-000000000006', 'monitor'),
    ('00000000-0002-0000-0000-000000000006', 'near_kitchen'),
    ('00000000-0002-0000-0000-000000000006', 'wifi'),
    ('00000000-0002-0000-0000-000000000007', 'dual_monitor'),
    ('00000000-0002-0000-0000-000000000007', 'ethernet'),
    ('00000000-0002-0000-0000-000000000007', 'window'),
    ('00000000-0002-0000-0000-000000000008', 'monitor'),
    ('00000000-0002-0000-0000-000000000008', 'window'),
    ('00000000-0002-0000-0000-000000000009', 'standing'),
    ('00000000-0002-0000-0000-000000000009', 'wifi'),
    ('00000000-0002-0000-0000-000000000009', 'accessible');

-- Floor 2 / Conference Room Beta
INSERT INTO desk_features (desk_id, feature) VALUES
    ('00000000-0002-0000-0000-000000000011', 'monitor'),
    ('00000000-0002-0000-0000-000000000011', 'wifi'),
    ('00000000-0002-0000-0000-000000000012', 'monitor'),
    ('00000000-0002-0000-0000-000000000012', 'wifi'),
    ('00000000-0002-0000-0000-000000000013', 'monitor'),
    ('00000000-0002-0000-0000-000000000014', 'monitor'),
    ('00000000-0002-0000-0000-000000000014', 'ethernet'),
    ('00000000-0002-0000-0000-000000000015', 'monitor'),
    ('00000000-0002-0000-0000-000000000015', 'ethernet'),
    ('00000000-0002-0000-0000-000000000016', 'dual_monitor'),
    ('00000000-0002-0000-0000-000000000016', 'wifi'),
    ('00000000-0002-0000-0000-000000000017', 'monitor'),
    ('00000000-0002-0000-0000-000000000018', 'monitor');

-- Floor 2 / Quiet Zone West
INSERT INTO desk_features (desk_id, feature) VALUES
    ('00000000-0002-0000-0000-000000000021', 'quiet'),
    ('00000000-0002-0000-0000-000000000021', 'monitor'),
    ('00000000-0002-0000-0000-000000000022', 'quiet'),
    ('00000000-0002-0000-0000-000000000022', 'monitor'),
    ('00000000-0002-0000-0000-000000000022', 'ethernet'),
    ('00000000-0002-0000-0000-000000000023', 'quiet'),
    ('00000000-0002-0000-0000-000000000023', 'standing'),
    ('00000000-0002-0000-0000-000000000023', 'window'),
    ('00000000-0002-0000-0000-000000000024', 'quiet'),
    ('00000000-0002-0000-0000-000000000024', 'window'),
    ('00000000-0002-0000-0000-000000000024', 'accessible');
